_id,url,tipo,public_id
684e7d49ba26d375246834d7,https://res.cloudinary.com/dccjuu90c/image/upload/v1749974345/maderas/mahogany/lbgfbdwkxmktgxh2o7uw.jpg,caoba,maderas/mahogany/lbgfbdwkxmktgxh2o7uw
684e7d58ba26d375246834d8,https://res.cloudinary.com/dccjuu90c/image/upload/v1749974360/maderas/mahogany/frk0zds6i7ywauazg8am.png,caoba,maderas/mahogany/frk0zds6i7ywauazg8am
684e7d59ba26d375246834d9,https://res.cloudinary.com/dccjuu90c/image/upload/v1749974361/maderas/mahogany/ajapi07mbrh4bkkyylwm.jpg,caoba,maderas/mahogany/ajapi07mbrh4bkkyylwm
684e7d5aba26d375246834da,https://res.cloudinary.com/dccjuu90c/image/upload/v1749974362/maderas/mahogany/yiwilqg6nlm3qbatbwgj.jpg,caoba,maderas/mahogany/yiwilqg6nlm3qbatbwgj
684e7d5bba26d375246834db,https://res.cloudinary.com/dccjuu90c/image/upload/v1749974363/maderas/mahogany/yrueffcc4edwh7mhw3rv.jpg,caoba,maderas/mahogany/yrueffcc4edwh7mhw3rv
684e7d5eba26d375246834dc,https://res.cloudinary.com/dccjuu90c/image/upload/v1749974366/maderas/mahogany/i0vjqouxmulschkdbqv7.jpg,caoba,maderas/mahogany/i0vjqouxmulschkdbqv7
684e7d5fba26d375246834dd,https://res.cloudinary.com/dccjuu90c/image/upload/v1749974367/maderas/mahogany/atx3llx43flvzagt9igl.jpg,caoba,maderas/mahogany/atx3llx43flvzagt9igl
684e7d61ba26d375246834de,https://res.cloudinary.com/dccjuu90c/image/upload/v1749974369/maderas/mahogany/rprfu79zhce3picdfkwt.jpg,caoba,maderas/mahogany/rprfu79zhce3picdfkwt
684e7d69ba26d375246834df,https://res.cloudinary.com/dccjuu90c/image/upload/v1749974377/maderas/mahogany/ch4gnoiu6spqijlkss9k.jpg,caoba,maderas/mahogany/ch4gnoiu6spqijlkss9k
684e7d6aba26d375246834e0,https://res.cloudinary.com/dccjuu90c/image/upload/v1749974378/maderas/mahogany/dmz883xbuexkdhyysojj.webp,caoba,maderas/mahogany/dmz883xbuexkdhyysojj
684e7d6cba26d375246834e1,https://res.cloudinary.com/dccjuu90c/image/upload/v1749974380/maderas/mahogany/ma7j68t34jxhjidcpt28.jpg,caoba,maderas/mahogany/ma7j68t34jxhjidcpt28
684e7d6dba26d375246834e2,https://res.cloudinary.com/dccjuu90c/image/upload/v1749974381/maderas/mahogany/lj0wcqqb1vu6qpcbfwg9.jpg,caoba,maderas/mahogany/lj0wcqqb1vu6qpcbfwg9
684e7d6fba26d375246834e3,https://res.cloudinary.com/dccjuu90c/image/upload/v1749974383/maderas/mahogany/gelfwht5s0grzjdpa2ho.jpg,caoba,maderas/mahogany/gelfwht5s0grzjdpa2ho
684e7d77ba26d375246834e4,https://res.cloudinary.com/dccjuu90c/image/upload/v1749974391/maderas/mahogany/rfxntqqzy9qsvrmjqm0s.png,caoba,maderas/mahogany/rfxntqqzy9qsvrmjqm0s
684e7d78ba26d375246834e5,https://res.cloudinary.com/dccjuu90c/image/upload/v1749974392/maderas/mahogany/asooi2wb8p1xe4wrriaz.jpg,caoba,maderas/mahogany/asooi2wb8p1xe4wrriaz
684e7d79ba26d375246834e6,https://res.cloudinary.com/dccjuu90c/image/upload/v1749974393/maderas/mahogany/x83qa5mrrqpxntukkdbp.jpg,caoba,maderas/mahogany/x83qa5mrrqpxntukkdbp
684e7d7aba26d375246834e7,https://res.cloudinary.com/dccjuu90c/image/upload/v1749974394/maderas/mahogany/dfti8y8glzhlwhozafkt.jpg,caoba,maderas/mahogany/dfti8y8glzhlwhozafkt
684e7d7bba26d375246834e8,https://res.cloudinary.com/dccjuu90c/image/upload/v1749974395/maderas/mahogany/cvv7j3xhjlrxnc7307wa.jpg,caoba,maderas/mahogany/cvv7j3xhjlrxnc7307wa
684e7d7cba26d375246834e9,https://res.cloudinary.com/dccjuu90c/image/upload/v1749974396/maderas/mahogany/dps84bekqkbqp3qixpp1.jpg,caoba,maderas/mahogany/dps84bekqkbqp3qixpp1
684e7d7dba26d375246834ea,https://res.cloudinary.com/dccjuu90c/image/upload/v1749974396/maderas/mahogany/yjgxplwlcwlxxlxwyduv.jpg,caoba,maderas/mahogany/yjgxplwlcwlxxlxwyduv
684e7d7eba26d375246834eb,https://res.cloudinary.com/dccjuu90c/image/upload/v1749974398/maderas/mahogany/otkpkomb5aidyks2noij.jpg,caoba,maderas/mahogany/otkpkomb5aidyks2noij
684e7d7fba26d375246834ec,https://res.cloudinary.com/dccjuu90c/image/upload/v1749974398/maderas/mahogany/ry3pod6gngfx6gcpd7jy.jpg,caoba,maderas/mahogany/ry3pod6gngfx6gcpd7jy
684e7d81ba26d375246834ed,https://res.cloudinary.com/dccjuu90c/image/upload/v1749974400/maderas/mahogany/axogyudwtosiubyoqr8e.webp,caoba,maderas/mahogany/axogyudwtosiubyoqr8e
684e7d83ba26d375246834ee,https://res.cloudinary.com/dccjuu90c/image/upload/v1749974402/maderas/mahogany/dicjz9leinlrlyuxqw9l.jpg,caoba,maderas/mahogany/dicjz9leinlrlyuxqw9l
684e7d85ba26d375246834ef,https://res.cloudinary.com/dccjuu90c/image/upload/v1749974405/maderas/mahogany/mmwydgg2tiwb8jkrwvcr.jpg,caoba,maderas/mahogany/mmwydgg2tiwb8jkrwvcr
684e7d86ba26d375246834f0,https://res.cloudinary.com/dccjuu90c/image/upload/v1749974406/maderas/mahogany/nsmfxq3rajnby4bnnhrs.png,caoba,maderas/mahogany/nsmfxq3rajnby4bnnhrs
684e7d87ba26d375246834f1,https://res.cloudinary.com/dccjuu90c/image/upload/v1749974406/maderas/mahogany/cw7s34u7r1qxchw2q0ik.jpg,caoba,maderas/mahogany/cw7s34u7r1qxchw2q0ik
684e7d87ba26d375246834f2,https://res.cloudinary.com/dccjuu90c/image/upload/v1749974407/maderas/mahogany/louwvuahjmfhsw8z8ket.jpg,caoba,maderas/mahogany/louwvuahjmfhsw8z8ket
684e7d88ba26d375246834f3,https://res.cloudinary.com/dccjuu90c/image/upload/v1749974408/maderas/mahogany/iftomokbwivgafcuelse.jpg,caoba,maderas/mahogany/iftomokbwivgafcuelse
684e7d8bba26d375246834f4,https://res.cloudinary.com/dccjuu90c/image/upload/v1749974410/maderas/mahogany/exymgjtmueu8pycbrugb.jpg,caoba,maderas/mahogany/exymgjtmueu8pycbrugb
684e7d8dba26d375246834f5,https://res.cloudinary.com/dccjuu90c/image/upload/v1749974413/maderas/mahogany/zxpapbuxtf4v0vvz7d2q.jpg,caoba,maderas/mahogany/zxpapbuxtf4v0vvz7d2q
684e7d8eba26d375246834f6,https://res.cloudinary.com/dccjuu90c/image/upload/v1749974414/maderas/mahogany/y3euw05cxklcg4p5gdnw.jpg,caoba,maderas/mahogany/y3euw05cxklcg4p5gdnw
684e7d8fba26d375246834f7,https://res.cloudinary.com/dccjuu90c/image/upload/v1749974415/maderas/mahogany/s7iseq5ffyfmeweejoil.webp,caoba,maderas/mahogany/s7iseq5ffyfmeweejoil
684e7d93ba26d375246834f8,https://res.cloudinary.com/dccjuu90c/image/upload/v1749974419/maderas/mahogany/guc3pqlauz6wmqpgk30j.jpg,caoba,maderas/mahogany/guc3pqlauz6wmqpgk30j
684e7d94ba26d375246834f9,https://res.cloudinary.com/dccjuu90c/image/upload/v1749974419/maderas/mahogany/qyzsgmlong0j6yuerqjo.jpg,caoba,maderas/mahogany/qyzsgmlong0j6yuerqjo
684e7d94ba26d375246834fa,https://res.cloudinary.com/dccjuu90c/image/upload/v1749974420/maderas/mahogany/wzwmfgqliffys2eiragu.webp,caoba,maderas/mahogany/wzwmfgqliffys2eiragu
684e7d95ba26d375246834fb,https://res.cloudinary.com/dccjuu90c/image/upload/v1749974421/maderas/mahogany/uq9efai4cmk0e7ed8c8m.jpg,caoba,maderas/mahogany/uq9efai4cmk0e7ed8c8m
684e7d97ba26d375246834fc,https://res.cloudinary.com/dccjuu90c/image/upload/v1749974423/maderas/mahogany/tmibuyznkjnx1vanmte5.jpg,caoba,maderas/mahogany/tmibuyznkjnx1vanmte5
684e7d98ba26d375246834fd,https://res.cloudinary.com/dccjuu90c/image/upload/v1749974424/maderas/mahogany/nitypuyiyeny3svkctuv.jpg,caoba,maderas/mahogany/nitypuyiyeny3svkctuv
684e7d98ba26d375246834fe,https://res.cloudinary.com/dccjuu90c/image/upload/v1749974424/maderas/mahogany/xulmwcac1yefnjnt54gn.jpg,caoba,maderas/mahogany/xulmwcac1yefnjnt54gn
684e7d99ba26d375246834ff,https://res.cloudinary.com/dccjuu90c/image/upload/v1749974425/maderas/mahogany/rmwx3knwlpnylqunzn2e.jpg,caoba,maderas/mahogany/rmwx3knwlpnylqunzn2e
684e7da8ba26d37524683500,https://res.cloudinary.com/dccjuu90c/image/upload/v1749974439/maderas/mahogany/udycbqlmr2bvafo8iw74.jpg,caoba,maderas/mahogany/udycbqlmr2bvafo8iw74
684e7da9ba26d37524683501,https://res.cloudinary.com/dccjuu90c/image/upload/v1749974441/maderas/mahogany/cppqahoblclosa3yiz89.jpg,caoba,maderas/mahogany/cppqahoblclosa3yiz89
684e7dabba26d37524683502,https://res.cloudinary.com/dccjuu90c/image/upload/v1749974443/maderas/mahogany/uy8y5w1drj23lpp8j4qw.jpg,caoba,maderas/mahogany/uy8y5w1drj23lpp8j4qw
684e7dabba26d37524683503,https://res.cloudinary.com/dccjuu90c/image/upload/v1749974443/maderas/mahogany/gukfyo553h23rhpbqh47.jpg,caoba,maderas/mahogany/gukfyo553h23rhpbqh47
684e7dacba26d37524683504,https://res.cloudinary.com/dccjuu90c/image/upload/v1749974444/maderas/mahogany/yrlkacnvpk2xe4nqsjos.jpg,caoba,maderas/mahogany/yrlkacnvpk2xe4nqsjos
684e7dadba26d37524683505,https://res.cloudinary.com/dccjuu90c/image/upload/v1749974444/maderas/mahogany/skgxisnfxps5ho2nwblk.jpg,caoba,maderas/mahogany/skgxisnfxps5ho2nwblk
684e7dafba26d37524683506,https://res.cloudinary.com/dccjuu90c/image/upload/v1749974447/maderas/mahogany/nmv8ecslvehz7dediay5.jpg,caoba,maderas/mahogany/nmv8ecslvehz7dediay5
684e7db0ba26d37524683507,https://res.cloudinary.com/dccjuu90c/image/upload/v1749974448/maderas/mahogany/rfoqgp8oqgxzpnrrwun0.jpg,caoba,maderas/mahogany/rfoqgp8oqgxzpnrrwun0
684e81864e299f3e57f46d27,https://res.cloudinary.com/dccjuu90c/image/upload/v1749975430/maderas/pine/urzfwnry2bu9wavphfpn.jpg,pino,maderas/pine/urzfwnry2bu9wavphfpn
684e818a4e299f3e57f46d28,https://res.cloudinary.com/dccjuu90c/image/upload/v1749975433/maderas/pine/hyaiwkgz4h0vcn8cu9ig.png,pino,maderas/pine/hyaiwkgz4h0vcn8cu9ig
684e818c4e299f3e57f46d29,https://res.cloudinary.com/dccjuu90c/image/upload/v1749975435/maderas/pine/gkqmhskoyjzzickzlpr8.jpg,pino,maderas/pine/gkqmhskoyjzzickzlpr8
684e818c4e299f3e57f46d2a,https://res.cloudinary.com/dccjuu90c/image/upload/v1749975436/maderas/pine/railqg7bbzql7tta0igu.jpg,pino,maderas/pine/railqg7bbzql7tta0igu
684e818e4e299f3e57f46d2b,https://res.cloudinary.com/dccjuu90c/image/upload/v1749975438/maderas/pine/g5zwlweorqdee7i1ynmw.jpg,pino,maderas/pine/g5zwlweorqdee7i1ynmw
684e81924e299f3e57f46d2c,https://res.cloudinary.com/dccjuu90c/image/upload/v1749975442/maderas/pine/jav7vdbbxroih7rlnv8n.jpg,pino,maderas/pine/jav7vdbbxroih7rlnv8n
684e81934e299f3e57f46d2d,https://res.cloudinary.com/dccjuu90c/image/upload/v1749975443/maderas/pine/jhmlml3s50monvj3twjz.jpg,pino,maderas/pine/jhmlml3s50monvj3twjz
684e81944e299f3e57f46d2e,https://res.cloudinary.com/dccjuu90c/image/upload/v1749975444/maderas/pine/nvhkbbt3r5bt7txjjecn.jpg,pino,maderas/pine/nvhkbbt3r5bt7txjjecn
684e81954e299f3e57f46d2f,https://res.cloudinary.com/dccjuu90c/image/upload/v1749975445/maderas/pine/m2x7h2qvdz2vlpnmxtek.jpg,pino,maderas/pine/m2x7h2qvdz2vlpnmxtek
684e81964e299f3e57f46d30,https://res.cloudinary.com/dccjuu90c/image/upload/v1749975445/maderas/pine/r3avsljawacej1abnpc4.jpg,pino,maderas/pine/r3avsljawacej1abnpc4
684e81974e299f3e57f46d31,https://res.cloudinary.com/dccjuu90c/image/upload/v1749975447/maderas/pine/jzdqcn5eid9016a7jrkh.jpg,pino,maderas/pine/jzdqcn5eid9016a7jrkh
684e81994e299f3e57f46d32,https://res.cloudinary.com/dccjuu90c/image/upload/v1749975449/maderas/pine/k71l5qsif1c8pgmia2cm.png,pino,maderas/pine/k71l5qsif1c8pgmia2cm
684e819c4e299f3e57f46d33,https://res.cloudinary.com/dccjuu90c/image/upload/v1749975452/maderas/pine/qy1pt0o2wzphduobenjj.jpg,pino,maderas/pine/qy1pt0o2wzphduobenjj
684e81a44e299f3e57f46d34,https://res.cloudinary.com/dccjuu90c/image/upload/v1749975459/maderas/pine/vqchyzunhwfdvcppxipv.png,pino,maderas/pine/vqchyzunhwfdvcppxipv
684e81a54e299f3e57f46d35,https://res.cloudinary.com/dccjuu90c/image/upload/v1749975460/maderas/pine/tvpyxvdr4ejcjtyb39ev.jpg,pino,maderas/pine/tvpyxvdr4ejcjtyb39ev
684e81a64e299f3e57f46d36,https://res.cloudinary.com/dccjuu90c/image/upload/v1749975462/maderas/pine/jypanqeebi1skwnwgews.webp,pino,maderas/pine/jypanqeebi1skwnwgews
684e81a94e299f3e57f46d37,https://res.cloudinary.com/dccjuu90c/image/upload/v1749975465/maderas/pine/rxqrdlnc9ksfq21g16nl.jpg,pino,maderas/pine/rxqrdlnc9ksfq21g16nl
684e81aa4e299f3e57f46d38,https://res.cloudinary.com/dccjuu90c/image/upload/v1749975466/maderas/pine/ltnvm4kf9zl6fon0ursd.jpg,pino,maderas/pine/ltnvm4kf9zl6fon0ursd
684e81ac4e299f3e57f46d39,https://res.cloudinary.com/dccjuu90c/image/upload/v1749975467/maderas/pine/pc6iqyqijfxcl0xpdnt8.jpg,pino,maderas/pine/pc6iqyqijfxcl0xpdnt8
684e81ad4e299f3e57f46d3a,https://res.cloudinary.com/dccjuu90c/image/upload/v1749975469/maderas/pine/ronqiguqdihpclzjrwbu.jpg,pino,maderas/pine/ronqiguqdihpclzjrwbu
684e81af4e299f3e57f46d3b,https://res.cloudinary.com/dccjuu90c/image/upload/v1749975471/maderas/pine/mah0wu5nxuun3zu5s399.jpg,pino,maderas/pine/mah0wu5nxuun3zu5s399
684e81b04e299f3e57f46d3c,https://res.cloudinary.com/dccjuu90c/image/upload/v1749975472/maderas/pine/lruxnbhtw906iyn2ebpo.jpg,pino,maderas/pine/lruxnbhtw906iyn2ebpo
684e81b44e299f3e57f46d3d,https://res.cloudinary.com/dccjuu90c/image/upload/v1749975475/maderas/pine/lxwnk1ygzt8kt9y9y3qf.jpg,pino,maderas/pine/lxwnk1ygzt8kt9y9y3qf
684e81b44e299f3e57f46d3e,https://res.cloudinary.com/dccjuu90c/image/upload/v1749975476/maderas/pine/wcnokxp47z07w6ekv7ib.jpg,pino,maderas/pine/wcnokxp47z07w6ekv7ib
684e81b54e299f3e57f46d3f,https://res.cloudinary.com/dccjuu90c/image/upload/v1749975477/maderas/pine/aupioj3b5oprqgmyl1nz.jpg,pino,maderas/pine/aupioj3b5oprqgmyl1nz
684e81b74e299f3e57f46d40,https://res.cloudinary.com/dccjuu90c/image/upload/v1749975478/maderas/pine/hyvmrmgo4j8u6q62cvyw.png,pino,maderas/pine/hyvmrmgo4j8u6q62cvyw
684e81b94e299f3e57f46d41,https://res.cloudinary.com/dccjuu90c/image/upload/v1749975480/maderas/pine/sdlchlyivuducrcj6qav.jpg,pino,maderas/pine/sdlchlyivuducrcj6qav
684e81b94e299f3e57f46d42,https://res.cloudinary.com/dccjuu90c/image/upload/v1749975481/maderas/pine/zcvltksz4xojvyecfxew.webp,pino,maderas/pine/zcvltksz4xojvyecfxew
684e81bb4e299f3e57f46d43,https://res.cloudinary.com/dccjuu90c/image/upload/v1749975483/maderas/pine/yezrmqytfvopnn9da9uf.jpg,pino,maderas/pine/yezrmqytfvopnn9da9uf
684e81bb4e299f3e57f46d44,https://res.cloudinary.com/dccjuu90c/image/upload/v1749975483/maderas/pine/rwnqjlsfgdtnhvamtd25.jpg,pino,maderas/pine/rwnqjlsfgdtnhvamtd25
684e81bd4e299f3e57f46d45,https://res.cloudinary.com/dccjuu90c/image/upload/v1749975485/maderas/pine/heiw3hselgmrsetyxsgw.jpg,pino,maderas/pine/heiw3hselgmrsetyxsgw
684e81bf4e299f3e57f46d46,https://res.cloudinary.com/dccjuu90c/image/upload/v1749975486/maderas/pine/v6mxbcuhxemzgkurytap.png,pino,maderas/pine/v6mxbcuhxemzgkurytap
684e81bf4e299f3e57f46d47,https://res.cloudinary.com/dccjuu90c/image/upload/v1749975487/maderas/pine/bppw7mex6qla4pwfgf3y.jpg,pino,maderas/pine/bppw7mex6qla4pwfgf3y
684e81c14e299f3e57f46d48,https://res.cloudinary.com/dccjuu90c/image/upload/v1749975489/maderas/pine/vhjs97bbcqp6ghi4to3o.jpg,pino,maderas/pine/vhjs97bbcqp6ghi4to3o
684e81c24e299f3e57f46d49,https://res.cloudinary.com/dccjuu90c/image/upload/v1749975489/maderas/pine/jazjwfkuycab09nlifja.jpg,pino,maderas/pine/jazjwfkuycab09nlifja
684e81c34e299f3e57f46d4a,https://res.cloudinary.com/dccjuu90c/image/upload/v1749975490/maderas/pine/s4mqzn6hqgwhplbdgxf4.jpg,pino,maderas/pine/s4mqzn6hqgwhplbdgxf4
684e81c44e299f3e57f46d4b,https://res.cloudinary.com/dccjuu90c/image/upload/v1749975492/maderas/pine/celbxkuys90lr5cu3bwa.jpg,pino,maderas/pine/celbxkuys90lr5cu3bwa
684e81c64e299f3e57f46d4c,https://res.cloudinary.com/dccjuu90c/image/upload/v1749975494/maderas/pine/ncimc9xhcqznczp8o8hx.jpg,pino,maderas/pine/ncimc9xhcqznczp8o8hx
684e81c84e299f3e57f46d4d,https://res.cloudinary.com/dccjuu90c/image/upload/v1749975496/maderas/pine/wcpafa1mo8pcl2tzmbnb.jpg,pino,maderas/pine/wcpafa1mo8pcl2tzmbnb
684e81c94e299f3e57f46d4e,https://res.cloudinary.com/dccjuu90c/image/upload/v1749975497/maderas/pine/cgujhkdjpnvbvpmweqm5.jpg,pino,maderas/pine/cgujhkdjpnvbvpmweqm5
684e81cb4e299f3e57f46d4f,https://res.cloudinary.com/dccjuu90c/image/upload/v1749975498/maderas/pine/xiqanefeofw0qvfgahzv.jpg,pino,maderas/pine/xiqanefeofw0qvfgahzv
684e81cb4e299f3e57f46d50,https://res.cloudinary.com/dccjuu90c/image/upload/v1749975499/maderas/pine/jufoe9nt0szsyctnlx43.jpg,pino,maderas/pine/jufoe9nt0szsyctnlx43
684e81ce4e299f3e57f46d51,https://res.cloudinary.com/dccjuu90c/image/upload/v1749975501/maderas/pine/pn1ndnmf0gyhehcvgbpf.jpg,pino,maderas/pine/pn1ndnmf0gyhehcvgbpf
684e81ce4e299f3e57f46d52,https://res.cloudinary.com/dccjuu90c/image/upload/v1749975502/maderas/pine/q6pcpmkv4xajihklisux.jpg,pino,maderas/pine/q6pcpmkv4xajihklisux
684e81cf4e299f3e57f46d53,https://res.cloudinary.com/dccjuu90c/image/upload/v1749975503/maderas/pine/pygw7kr1lme4uozu1sfe.jpg,pino,maderas/pine/pygw7kr1lme4uozu1sfe
684e81d14e299f3e57f46d54,https://res.cloudinary.com/dccjuu90c/image/upload/v1749975505/maderas/pine/r2e8u5imalblxxtzjfv1.jpg,pino,maderas/pine/r2e8u5imalblxxtzjfv1
684e81e24e299f3e57f46d55,https://res.cloudinary.com/dccjuu90c/image/upload/v1749975522/maderas/pine/whoqundamp978vk07kok.jpg,pino,maderas/pine/whoqundamp978vk07kok
684e81e34e299f3e57f46d56,https://res.cloudinary.com/dccjuu90c/image/upload/v1749975523/maderas/pine/xiuabkmbkm5ojplbaieb.jpg,pino,maderas/pine/xiuabkmbkm5ojplbaieb
684e81e74e299f3e57f46d57,https://res.cloudinary.com/dccjuu90c/image/upload/v1749975527/maderas/pine/kkaalwp0t5cyd3te5ewy.jpg,pino,maderas/pine/kkaalwp0t5cyd3te5ewy
684e81e94e299f3e57f46d58,https://res.cloudinary.com/dccjuu90c/image/upload/v1749975529/maderas/pine/pvsjvhlkelt1v4vkevrx.jpg,pino,maderas/pine/pvsjvhlkelt1v4vkevrx
684e81ea4e299f3e57f46d59,https://res.cloudinary.com/dccjuu90c/image/upload/v1749975530/maderas/pine/wtjc24zavq5qjkqqfveh.jpg,pino,maderas/pine/wtjc24zavq5qjkqqfveh
684e81eb4e299f3e57f46d5a,https://res.cloudinary.com/dccjuu90c/image/upload/v1749975531/maderas/pine/gbfzuipmhtvjvowhemgv.webp,pino,maderas/pine/gbfzuipmhtvjvowhemgv
684e81ee4e299f3e57f46d5b,https://res.cloudinary.com/dccjuu90c/image/upload/v1749975534/maderas/pine/vktvbdybk3tbeyvhma5c.jpg,pino,maderas/pine/vktvbdybk3tbeyvhma5c
684e81f04e299f3e57f46d5c,https://res.cloudinary.com/dccjuu90c/image/upload/v1749975536/maderas/pine/syv1z7p5ps6fbrz95man.jpg,pino,maderas/pine/syv1z7p5ps6fbrz95man
684e81f14e299f3e57f46d5d,https://res.cloudinary.com/dccjuu90c/image/upload/v1749975537/maderas/pine/it9gfmrnglmqka252wig.jpg,pino,maderas/pine/it9gfmrnglmqka252wig
684e81f24e299f3e57f46d5e,https://res.cloudinary.com/dccjuu90c/image/upload/v1749975538/maderas/pine/h6umv6beqzmm3fluukn2.jpg,pino,maderas/pine/h6umv6beqzmm3fluukn2
684e81f74e299f3e57f46d5f,https://res.cloudinary.com/dccjuu90c/image/upload/v1749975543/maderas/pine/k0e6zynvewe2dxijdskd.jpg,pino,maderas/pine/k0e6zynvewe2dxijdskd
6864b15f8d8386607700b695,https://res.cloudinary.com/dccjuu90c/image/upload/v1751429470/maderas/cerezo/oictxs8d1y1fiuvib3vb.jpg,cerezo,maderas/cerezo/oictxs8d1y1fiuvib3vb
6864b15f8d8386607700b696,https://res.cloudinary.com/dccjuu90c/image/upload/v1751429471/maderas/cerezo/enc8gkjiyynrhmxcrt8s.jpg,cerezo,maderas/cerezo/enc8gkjiyynrhmxcrt8s
6864b1608d8386607700b697,https://res.cloudinary.com/dccjuu90c/image/upload/v1751429471/maderas/cerezo/wnnv2htqzicevbp7m3rz.jpg,cerezo,maderas/cerezo/wnnv2htqzicevbp7m3rz
6864b1618d8386607700b698,https://res.cloudinary.com/dccjuu90c/image/upload/v1751429472/maderas/cerezo/rcwolhvxuag16f9bxcrt.jpg,cerezo,maderas/cerezo/rcwolhvxuag16f9bxcrt
6864b1618d8386607700b699,https://res.cloudinary.com/dccjuu90c/image/upload/v1751429473/maderas/cerezo/t9ivwlkykwic7ti71vp2.jpg,cerezo,maderas/cerezo/t9ivwlkykwic7ti71vp2
6864b1638d8386607700b69a,https://res.cloudinary.com/dccjuu90c/image/upload/v1751429474/maderas/cerezo/ftgmq2qzhfqztjueuamk.png,cerezo,maderas/cerezo/ftgmq2qzhfqztjueuamk
6864b1638d8386607700b69b,https://res.cloudinary.com/dccjuu90c/image/upload/v1751429475/maderas/cerezo/zzqw4ge3lodlbbsddrrf.jpg,cerezo,maderas/cerezo/zzqw4ge3lodlbbsddrrf
6864b1648d8386607700b69c,https://res.cloudinary.com/dccjuu90c/image/upload/v1751429476/maderas/cerezo/uydnx2fdokvpsbzwqqsc.jpg,cerezo,maderas/cerezo/uydnx2fdokvpsbzwqqsc
6864b1658d8386607700b69d,https://res.cloudinary.com/dccjuu90c/image/upload/v1751429477/maderas/cerezo/z7k6mxtjltfevtxsxmg2.jpg,cerezo,maderas/cerezo/z7k6mxtjltfevtxsxmg2
6864b1668d8386607700b69e,https://res.cloudinary.com/dccjuu90c/image/upload/v1751429477/maderas/cerezo/qvzwzpcpfyytlema0kwk.jpg,cerezo,maderas/cerezo/qvzwzpcpfyytlema0kwk
6864b1678d8386607700b69f,https://res.cloudinary.com/dccjuu90c/image/upload/v1751429478/maderas/cerezo/ic1eeetwsnum7cmvyfmw.jpg,cerezo,maderas/cerezo/ic1eeetwsnum7cmvyfmw
6864b1688d8386607700b6a0,https://res.cloudinary.com/dccjuu90c/image/upload/v1751429479/maderas/cerezo/lvlm8frmdsxwzv7d5nsl.jpg,cerezo,maderas/cerezo/lvlm8frmdsxwzv7d5nsl
6864b1698d8386607700b6a1,https://res.cloudinary.com/dccjuu90c/image/upload/v1751429480/maderas/cerezo/gjgtxybukhl3eiapda28.jpg,cerezo,maderas/cerezo/gjgtxybukhl3eiapda28
6864b1698d8386607700b6a2,https://res.cloudinary.com/dccjuu90c/image/upload/v1751429481/maderas/cerezo/tn8ewjyvlqfa4naeyubr.jpg,cerezo,maderas/cerezo/tn8ewjyvlqfa4naeyubr
6864b16a8d8386607700b6a3,https://res.cloudinary.com/dccjuu90c/image/upload/v1751429481/maderas/cerezo/tyi4y10uwjvhagpaqg0d.jpg,cerezo,maderas/cerezo/tyi4y10uwjvhagpaqg0d
6864b16a8d8386607700b6a4,https://res.cloudinary.com/dccjuu90c/image/upload/v1751429482/maderas/cerezo/ebwwdvpb3km2d46g9wle.jpg,cerezo,maderas/cerezo/ebwwdvpb3km2d46g9wle
6864b16b8d8386607700b6a5,https://res.cloudinary.com/dccjuu90c/image/upload/v1751429482/maderas/cerezo/jfd5ibts7l2b8pghwlh1.jpg,cerezo,maderas/cerezo/jfd5ibts7l2b8pghwlh1
6864b16c8d8386607700b6a6,https://res.cloudinary.com/dccjuu90c/image/upload/v1751429483/maderas/cerezo/xuou1ht7arbsmcfzarqu.png,cerezo,maderas/cerezo/xuou1ht7arbsmcfzarqu
6864b16d8d8386607700b6a7,https://res.cloudinary.com/dccjuu90c/image/upload/v1751429484/maderas/cerezo/wwhuedyrnd0vxidp6oin.jpg,cerezo,maderas/cerezo/wwhuedyrnd0vxidp6oin
6864b16d8d8386607700b6a8,https://res.cloudinary.com/dccjuu90c/image/upload/v1751429485/maderas/cerezo/x0xhxaqi4l9yt36d449r.jpg,cerezo,maderas/cerezo/x0xhxaqi4l9yt36d449r
6864b16e8d8386607700b6a9,https://res.cloudinary.com/dccjuu90c/image/upload/v1751429486/maderas/cerezo/evsj8aykls4n2emwyoq0.jpg,cerezo,maderas/cerezo/evsj8aykls4n2emwyoq0
6864b16f8d8386607700b6aa,https://res.cloudinary.com/dccjuu90c/image/upload/v1751429486/maderas/cerezo/avyyrpzirxxcscucwpkr.jpg,cerezo,maderas/cerezo/avyyrpzirxxcscucwpkr
6864b1708d8386607700b6ab,https://res.cloudinary.com/dccjuu90c/image/upload/v1751429487/maderas/cerezo/gmvivapqtjvrhf5vgcak.jpg,cerezo,maderas/cerezo/gmvivapqtjvrhf5vgcak
6864b1708d8386607700b6ac,https://res.cloudinary.com/dccjuu90c/image/upload/v1751429488/maderas/cerezo/setzldd2280vxmy4ape7.jpg,cerezo,maderas/cerezo/setzldd2280vxmy4ape7
6864b1718d8386607700b6ad,https://res.cloudinary.com/dccjuu90c/image/upload/v1751429489/maderas/cerezo/eseibhwrksbejecb4vbw.jpg,cerezo,maderas/cerezo/eseibhwrksbejecb4vbw
6864b1728d8386607700b6ae,https://res.cloudinary.com/dccjuu90c/image/upload/v1751429489/maderas/cerezo/gxeovfrlrpnheps2ogon.jpg,cerezo,maderas/cerezo/gxeovfrlrpnheps2ogon
6864b1738d8386607700b6af,https://res.cloudinary.com/dccjuu90c/image/upload/v1751429490/maderas/cerezo/bf64xabfn5yl8d8tm9s9.jpg,cerezo,maderas/cerezo/bf64xabfn5yl8d8tm9s9
6864b1738d8386607700b6b0,https://res.cloudinary.com/dccjuu90c/image/upload/v1751429491/maderas/cerezo/lxjq0rmozxbzwvkql2nk.jpg,cerezo,maderas/cerezo/lxjq0rmozxbzwvkql2nk
6864b1748d8386607700b6b1,https://res.cloudinary.com/dccjuu90c/image/upload/v1751429491/maderas/cerezo/b2ojktkdznddzr8dotfw.jpg,cerezo,maderas/cerezo/b2ojktkdznddzr8dotfw
6864b1748d8386607700b6b2,https://res.cloudinary.com/dccjuu90c/image/upload/v1751429492/maderas/cerezo/rquxej18f1w3ivk27dba.jpg,cerezo,maderas/cerezo/rquxej18f1w3ivk27dba
6864b1758d8386607700b6b3,https://res.cloudinary.com/dccjuu90c/image/upload/v1751429492/maderas/cerezo/dh2woksiex2zdjpkqsrf.jpg,cerezo,maderas/cerezo/dh2woksiex2zdjpkqsrf
6864b1768d8386607700b6b4,https://res.cloudinary.com/dccjuu90c/image/upload/v1751429493/maderas/cerezo/sm8ijjme013qjwsudoq1.jpg,cerezo,maderas/cerezo/sm8ijjme013qjwsudoq1
6864b1778d8386607700b6b5,https://res.cloudinary.com/dccjuu90c/image/upload/v1751429494/maderas/cerezo/st3iikvkfopcfcrxl74s.jpg,cerezo,maderas/cerezo/st3iikvkfopcfcrxl74s
6864b1788d8386607700b6b6,https://res.cloudinary.com/dccjuu90c/image/upload/v1751429495/maderas/cerezo/fuuzxcuxvjoqviz5ljzy.jpg,cerezo,maderas/cerezo/fuuzxcuxvjoqviz5ljzy
6864b1788d8386607700b6b7,https://res.cloudinary.com/dccjuu90c/image/upload/v1751429496/maderas/cerezo/sgf2tzmj39szj2szoz5l.jpg,cerezo,maderas/cerezo/sgf2tzmj39szj2szoz5l
6864b17a8d8386607700b6b8,https://res.cloudinary.com/dccjuu90c/image/upload/v1751429497/maderas/cerezo/qm1udcjqmhkuqbpgmjk1.jpg,cerezo,maderas/cerezo/qm1udcjqmhkuqbpgmjk1
6864b17b8d8386607700b6b9,https://res.cloudinary.com/dccjuu90c/image/upload/v1751429498/maderas/cerezo/adxidt9emsk7hhpzihlo.jpg,cerezo,maderas/cerezo/adxidt9emsk7hhpzihlo
6864b17b8d8386607700b6ba,https://res.cloudinary.com/dccjuu90c/image/upload/v1751429499/maderas/cerezo/omboh6bqxniymaz2p7ts.jpg,cerezo,maderas/cerezo/omboh6bqxniymaz2p7ts
6864b17c8d8386607700b6bb,https://res.cloudinary.com/dccjuu90c/image/upload/v1751429500/maderas/cerezo/vume1e3ujdk5p5b4pdyl.jpg,cerezo,maderas/cerezo/vume1e3ujdk5p5b4pdyl
6864b17d8d8386607700b6bc,https://res.cloudinary.com/dccjuu90c/image/upload/v1751429500/maderas/cerezo/gs98ww24iahzyvoso8ht.jpg,cerezo,maderas/cerezo/gs98ww24iahzyvoso8ht
6864b17e8d8386607700b6bd,https://res.cloudinary.com/dccjuu90c/image/upload/v1751429502/maderas/cerezo/apzvq2tdrc5adsa2nkkc.jpg,cerezo,maderas/cerezo/apzvq2tdrc5adsa2nkkc
6864b1808d8386607700b6be,https://res.cloudinary.com/dccjuu90c/image/upload/v1751429503/maderas/cerezo/g0arumbgrbycjnw4dk0l.png,cerezo,maderas/cerezo/g0arumbgrbycjnw4dk0l
6864b1818d8386607700b6bf,https://res.cloudinary.com/dccjuu90c/image/upload/v1751429505/maderas/cerezo/vhbn3a2geme5nbbn2t2s.png,cerezo,maderas/cerezo/vhbn3a2geme5nbbn2t2s
6864b1828d8386607700b6c0,https://res.cloudinary.com/dccjuu90c/image/upload/v1751429505/maderas/cerezo/oo9qmbhhy1zt1gxunils.jpg,cerezo,maderas/cerezo/oo9qmbhhy1zt1gxunils
6864b1838d8386607700b6c1,https://res.cloudinary.com/dccjuu90c/image/upload/v1751429506/maderas/cerezo/ncusaygxlmcmgz2pyp89.jpg,cerezo,maderas/cerezo/ncusaygxlmcmgz2pyp89
6864b1838d8386607700b6c2,https://res.cloudinary.com/dccjuu90c/image/upload/v1751429507/maderas/cerezo/spjpyiqei10q4n2ningq.jpg,cerezo,maderas/cerezo/spjpyiqei10q4n2ningq
6864b1848d8386607700b6c3,https://res.cloudinary.com/dccjuu90c/image/upload/v1751429507/maderas/cerezo/fi8ajsnb9iogwavnupsx.jpg,cerezo,maderas/cerezo/fi8ajsnb9iogwavnupsx
6864b43b1b510fa0ebf40ba0,https://res.cloudinary.com/dccjuu90c/image/upload/v1751430202/maderas/nogal/j7gwqv1lwno2heyxzod4.png,nogal,maderas/nogal/j7gwqv1lwno2heyxzod4
6864b43c1b510fa0ebf40ba1,https://res.cloudinary.com/dccjuu90c/image/upload/v1751430203/maderas/nogal/bna5f0dfrg3dz5tf9dic.jpg,nogal,maderas/nogal/bna5f0dfrg3dz5tf9dic
6864b43c1b510fa0ebf40ba2,https://res.cloudinary.com/dccjuu90c/image/upload/v1751430204/maderas/nogal/kvbdwly3ambnsh0gnvba.jpg,nogal,maderas/nogal/kvbdwly3ambnsh0gnvba
6864b43d1b510fa0ebf40ba3,https://res.cloudinary.com/dccjuu90c/image/upload/v1751430204/maderas/nogal/glrvwen6ulayiipdo1nt.jpg,nogal,maderas/nogal/glrvwen6ulayiipdo1nt
6864b43e1b510fa0ebf40ba4,https://res.cloudinary.com/dccjuu90c/image/upload/v1751430205/maderas/nogal/utkaoycuewxk0cjf3vgp.jpg,nogal,maderas/nogal/utkaoycuewxk0cjf3vgp
6864b43f1b510fa0ebf40ba5,https://res.cloudinary.com/dccjuu90c/image/upload/v1751430206/maderas/nogal/h1xbzugp7zl4dpt7e2lb.jpg,nogal,maderas/nogal/h1xbzugp7zl4dpt7e2lb
6864b43f1b510fa0ebf40ba6,https://res.cloudinary.com/dccjuu90c/image/upload/v1751430207/maderas/nogal/ecoula0gnbewv0fxfji1.jpg,nogal,maderas/nogal/ecoula0gnbewv0fxfji1
6864b4401b510fa0ebf40ba7,https://res.cloudinary.com/dccjuu90c/image/upload/v1751430207/maderas/nogal/ubehgaqq0lvjpsu82con.jpg,nogal,maderas/nogal/ubehgaqq0lvjpsu82con
6864b4401b510fa0ebf40ba8,https://res.cloudinary.com/dccjuu90c/image/upload/v1751430208/maderas/nogal/torotg3jqmcivjhjxcar.jpg,nogal,maderas/nogal/torotg3jqmcivjhjxcar
6864b4411b510fa0ebf40ba9,https://res.cloudinary.com/dccjuu90c/image/upload/v1751430209/maderas/nogal/w9ttmtt48tjxas8u9zgx.jpg,nogal,maderas/nogal/w9ttmtt48tjxas8u9zgx
6864b4421b510fa0ebf40baa,https://res.cloudinary.com/dccjuu90c/image/upload/v1751430209/maderas/nogal/os6kvmclojn54qlmnvtb.jpg,nogal,maderas/nogal/os6kvmclojn54qlmnvtb
6864b4421b510fa0ebf40bab,https://res.cloudinary.com/dccjuu90c/image/upload/v1751430210/maderas/nogal/dusgfnvuwiywjgsy7fe7.jpg,nogal,maderas/nogal/dusgfnvuwiywjgsy7fe7
6864b4441b510fa0ebf40bac,https://res.cloudinary.com/dccjuu90c/image/upload/v1751430211/maderas/nogal/vsghnafvszxo1ekx4chv.png,nogal,maderas/nogal/vsghnafvszxo1ekx4chv
6864b4441b510fa0ebf40bad,https://res.cloudinary.com/dccjuu90c/image/upload/v1751430212/maderas/nogal/atpfkjsnzjkokisyoyz5.jpg,nogal,maderas/nogal/atpfkjsnzjkokisyoyz5
6864b4451b510fa0ebf40bae,https://res.cloudinary.com/dccjuu90c/image/upload/v1751430213/maderas/nogal/fqenlk2bdj16qdmd9yjm.jpg,nogal,maderas/nogal/fqenlk2bdj16qdmd9yjm
6864b4461b510fa0ebf40baf,https://res.cloudinary.com/dccjuu90c/image/upload/v1751430213/maderas/nogal/ggnaum3z8hw1khuisaf9.jpg,nogal,maderas/nogal/ggnaum3z8hw1khuisaf9
6864b4471b510fa0ebf40bb0,https://res.cloudinary.com/dccjuu90c/image/upload/v1751430214/maderas/nogal/dads0rwtrkghwdlbca2v.jpg,nogal,maderas/nogal/dads0rwtrkghwdlbca2v
6864b4481b510fa0ebf40bb1,https://res.cloudinary.com/dccjuu90c/image/upload/v1751430215/maderas/nogal/kxhw855ccby6vuelyq91.jpg,nogal,maderas/nogal/kxhw855ccby6vuelyq91
6864b4481b510fa0ebf40bb2,https://res.cloudinary.com/dccjuu90c/image/upload/v1751430216/maderas/nogal/mrgvrjqg01dbjjy7vkbs.jpg,nogal,maderas/nogal/mrgvrjqg01dbjjy7vkbs
6864b4491b510fa0ebf40bb3,https://res.cloudinary.com/dccjuu90c/image/upload/v1751430217/maderas/nogal/jta0dpu08tdatru4x1ja.jpg,nogal,maderas/nogal/jta0dpu08tdatru4x1ja
6864b44a1b510fa0ebf40bb4,https://res.cloudinary.com/dccjuu90c/image/upload/v1751430218/maderas/nogal/ivp5n1v203co0yi7f65o.png,nogal,maderas/nogal/ivp5n1v203co0yi7f65o
6864b44b1b510fa0ebf40bb5,https://res.cloudinary.com/dccjuu90c/image/upload/v1751430218/maderas/nogal/pplxybnbwno7mcmwarx3.jpg,nogal,maderas/nogal/pplxybnbwno7mcmwarx3
6864b44b1b510fa0ebf40bb6,https://res.cloudinary.com/dccjuu90c/image/upload/v1751430219/maderas/nogal/aospkguomywinborgsun.jpg,nogal,maderas/nogal/aospkguomywinborgsun
6864b44c1b510fa0ebf40bb7,https://res.cloudinary.com/dccjuu90c/image/upload/v1751430220/maderas/nogal/x302dkt7ezbjhdkmg9lk.jpg,nogal,maderas/nogal/x302dkt7ezbjhdkmg9lk
6864b44e1b510fa0ebf40bb8,https://res.cloudinary.com/dccjuu90c/image/upload/v1751430221/maderas/nogal/fcv7x8hlvjgb7x3ujcak.jpg,nogal,maderas/nogal/fcv7x8hlvjgb7x3ujcak
6864b44f1b510fa0ebf40bb9,https://res.cloudinary.com/dccjuu90c/image/upload/v1751430223/maderas/nogal/mrcd3rzq5n3i4i6wrdie.jpg,nogal,maderas/nogal/mrcd3rzq5n3i4i6wrdie
6864b4501b510fa0ebf40bba,https://res.cloudinary.com/dccjuu90c/image/upload/v1751430223/maderas/nogal/dgxqx5xnjxqxm8hlmrck.jpg,nogal,maderas/nogal/dgxqx5xnjxqxm8hlmrck
6864b4501b510fa0ebf40bbb,https://res.cloudinary.com/dccjuu90c/image/upload/v1751430224/maderas/nogal/tjhmlpoaolpiy5ubeqmm.jpg,nogal,maderas/nogal/tjhmlpoaolpiy5ubeqmm
6864b4511b510fa0ebf40bbc,https://res.cloudinary.com/dccjuu90c/image/upload/v1751430224/maderas/nogal/iqpv2bbuumxym4j4qeaa.jpg,nogal,maderas/nogal/iqpv2bbuumxym4j4qeaa
6864b4511b510fa0ebf40bbd,https://res.cloudinary.com/dccjuu90c/image/upload/v1751430225/maderas/nogal/jbvfh2dh6r0ktdo5xp8o.jpg,nogal,maderas/nogal/jbvfh2dh6r0ktdo5xp8o
6864b4531b510fa0ebf40bbe,https://res.cloudinary.com/dccjuu90c/image/upload/v1751430226/maderas/nogal/bv5vurl7ujlwt8tborh7.jpg,nogal,maderas/nogal/bv5vurl7ujlwt8tborh7
6864b4531b510fa0ebf40bbf,https://res.cloudinary.com/dccjuu90c/image/upload/v1751430227/maderas/nogal/csszyxqsuxin4o2ldurn.jpg,nogal,maderas/nogal/csszyxqsuxin4o2ldurn
6864b4541b510fa0ebf40bc0,https://res.cloudinary.com/dccjuu90c/image/upload/v1751430228/maderas/nogal/lp1q4wqjdgmvwnpgfyiy.jpg,nogal,maderas/nogal/lp1q4wqjdgmvwnpgfyiy
6864b4551b510fa0ebf40bc1,https://res.cloudinary.com/dccjuu90c/image/upload/v1751430228/maderas/nogal/xug1w52jon0fdoc2ya38.jpg,nogal,maderas/nogal/xug1w52jon0fdoc2ya38
6864b4551b510fa0ebf40bc2,https://res.cloudinary.com/dccjuu90c/image/upload/v1751430229/maderas/nogal/cofbvjvyfukjwjlusrns.jpg,nogal,maderas/nogal/cofbvjvyfukjwjlusrns
6864b4561b510fa0ebf40bc3,https://res.cloudinary.com/dccjuu90c/image/upload/v1751430230/maderas/nogal/kudbcvjqda6zeb56kk3q.jpg,nogal,maderas/nogal/kudbcvjqda6zeb56kk3q
6864b4571b510fa0ebf40bc4,https://res.cloudinary.com/dccjuu90c/image/upload/v1751430230/maderas/nogal/yzvtsgqflgmfjnddxkt1.png,nogal,maderas/nogal/yzvtsgqflgmfjnddxkt1
6864b4581b510fa0ebf40bc5,https://res.cloudinary.com/dccjuu90c/image/upload/v1751430231/maderas/nogal/ejucgjbm6jvgnpypdrts.jpg,nogal,maderas/nogal/ejucgjbm6jvgnpypdrts
6864b4581b510fa0ebf40bc6,https://res.cloudinary.com/dccjuu90c/image/upload/v1751430232/maderas/nogal/bbikqd2kghetcxooyeoa.jpg,nogal,maderas/nogal/bbikqd2kghetcxooyeoa
6864b4591b510fa0ebf40bc7,https://res.cloudinary.com/dccjuu90c/image/upload/v1751430233/maderas/nogal/rkn5ycrps62ubcytisf3.jpg,nogal,maderas/nogal/rkn5ycrps62ubcytisf3
6864b45a1b510fa0ebf40bc8,https://res.cloudinary.com/dccjuu90c/image/upload/v1751430233/maderas/nogal/nrlddxyvg0x7wpa5q6ns.jpg,nogal,maderas/nogal/nrlddxyvg0x7wpa5q6ns
6864b45a1b510fa0ebf40bc9,https://res.cloudinary.com/dccjuu90c/image/upload/v1751430234/maderas/nogal/detrpnerzqhvp8rj1gdw.jpg,nogal,maderas/nogal/detrpnerzqhvp8rj1gdw
6864b45b1b510fa0ebf40bca,https://res.cloudinary.com/dccjuu90c/image/upload/v1751430234/maderas/nogal/sk2scanj0x1fcjt8cgr9.jpg,nogal,maderas/nogal/sk2scanj0x1fcjt8cgr9
6864b45b1b510fa0ebf40bcb,https://res.cloudinary.com/dccjuu90c/image/upload/v1751430235/maderas/nogal/dbba7osj13wfssklaycp.jpg,nogal,maderas/nogal/dbba7osj13wfssklaycp
6864b45c1b510fa0ebf40bcc,https://res.cloudinary.com/dccjuu90c/image/upload/v1751430235/maderas/nogal/aefun0l91pemcubh4mcr.jpg,nogal,maderas/nogal/aefun0l91pemcubh4mcr
6864b45c1b510fa0ebf40bcd,https://res.cloudinary.com/dccjuu90c/image/upload/v1751430236/maderas/nogal/yhaqvvqjxdparaq8aq6w.jpg,nogal,maderas/nogal/yhaqvvqjxdparaq8aq6w
6864b45d1b510fa0ebf40bce,https://res.cloudinary.com/dccjuu90c/image/upload/v1751430236/maderas/nogal/f0ll2fagnpjm957cea0n.jpg,nogal,maderas/nogal/f0ll2fagnpjm957cea0n
6864b45e1b510fa0ebf40bcf,https://res.cloudinary.com/dccjuu90c/image/upload/v1751430238/maderas/nogal/hhwu7esn49h0ojbu0xuy.png,nogal,maderas/nogal/hhwu7esn49h0ojbu0xuy
6864b45f1b510fa0ebf40bd0,https://res.cloudinary.com/dccjuu90c/image/upload/v1751430238/maderas/nogal/yr7prfzh8hgfbbfgvgrj.jpg,nogal,maderas/nogal/yr7prfzh8hgfbbfgvgrj
6864b45f1b510fa0ebf40bd1,https://res.cloudinary.com/dccjuu90c/image/upload/v1751430239/maderas/nogal/blgxse2iwud2nzoqnykb.jpg,nogal,maderas/nogal/blgxse2iwud2nzoqnykb
6864b4601b510fa0ebf40bd2,https://res.cloudinary.com/dccjuu90c/image/upload/v1751430240/maderas/olivo/tvnm3rwsikkrjcmrukeu.jpg,olivo,maderas/olivo/tvnm3rwsikkrjcmrukeu
6864b4611b510fa0ebf40bd3,https://res.cloudinary.com/dccjuu90c/image/upload/v1751430241/maderas/olivo/son4uhnwqa0zvefxvyhx.png,olivo,maderas/olivo/son4uhnwqa0zvefxvyhx
6864b4621b510fa0ebf40bd4,https://res.cloudinary.com/dccjuu90c/image/upload/v1751430242/maderas/olivo/ae2hnbr6ymdurgm3gcsc.jpg,olivo,maderas/olivo/ae2hnbr6ymdurgm3gcsc
6864b4651b510fa0ebf40bd5,https://res.cloudinary.com/dccjuu90c/image/upload/v1751430244/maderas/olivo/rhcnjhpgadlhb8p5b0vx.png,olivo,maderas/olivo/rhcnjhpgadlhb8p5b0vx
6864b4661b510fa0ebf40bd6,https://res.cloudinary.com/dccjuu90c/image/upload/v1751430245/maderas/olivo/mshmapyxm4rxg0ely8qp.jpg,olivo,maderas/olivo/mshmapyxm4rxg0ely8qp
6864b4681b510fa0ebf40bd7,https://res.cloudinary.com/dccjuu90c/image/upload/v1751430248/maderas/olivo/mc1bvduyntsmqddov068.jpg,olivo,maderas/olivo/mc1bvduyntsmqddov068
6864b4691b510fa0ebf40bd8,https://res.cloudinary.com/dccjuu90c/image/upload/v1751430248/maderas/olivo/s1yuqtxjvfn5oqfd88jt.jpg,olivo,maderas/olivo/s1yuqtxjvfn5oqfd88jt
6864b46a1b510fa0ebf40bd9,https://res.cloudinary.com/dccjuu90c/image/upload/v1751430249/maderas/olivo/bzilxfwmazgubw0punht.jpg,olivo,maderas/olivo/bzilxfwmazgubw0punht
6864b46a1b510fa0ebf40bda,https://res.cloudinary.com/dccjuu90c/image/upload/v1751430250/maderas/olivo/zsd2holfbxq0un3uqoak.jpg,olivo,maderas/olivo/zsd2holfbxq0un3uqoak
6864b46b1b510fa0ebf40bdb,https://res.cloudinary.com/dccjuu90c/image/upload/v1751430250/maderas/olivo/mrcfocvj9izrvtbjcbpb.jpg,olivo,maderas/olivo/mrcfocvj9izrvtbjcbpb
6864b46c1b510fa0ebf40bdc,https://res.cloudinary.com/dccjuu90c/image/upload/v1751430251/maderas/olivo/pwyukwahjp1a10zy4cww.jpg,olivo,maderas/olivo/pwyukwahjp1a10zy4cww
6864b46d1b510fa0ebf40bdd,https://res.cloudinary.com/dccjuu90c/image/upload/v1751430253/maderas/olivo/qb0bxl8t6cvbzwxoa3vv.jpg,olivo,maderas/olivo/qb0bxl8t6cvbzwxoa3vv
6864b46e1b510fa0ebf40bde,https://res.cloudinary.com/dccjuu90c/image/upload/v1751430253/maderas/olivo/rrsrjcoqd41zofujgmto.jpg,olivo,maderas/olivo/rrsrjcoqd41zofujgmto
6864b46e1b510fa0ebf40bdf,https://res.cloudinary.com/dccjuu90c/image/upload/v1751430254/maderas/olivo/qxfh1yzok8egdpckpn2r.jpg,olivo,maderas/olivo/qxfh1yzok8egdpckpn2r
6864b46f1b510fa0ebf40be0,https://res.cloudinary.com/dccjuu90c/image/upload/v1751430254/maderas/olivo/jompp0ewkidfpxm6fcdy.jpg,olivo,maderas/olivo/jompp0ewkidfpxm6fcdy
6864b4701b510fa0ebf40be1,https://res.cloudinary.com/dccjuu90c/image/upload/v1751430256/maderas/olivo/d7pgnonzalfnct08mp5o.jpg,olivo,maderas/olivo/d7pgnonzalfnct08mp5o
6864b4711b510fa0ebf40be2,https://res.cloudinary.com/dccjuu90c/image/upload/v1751430257/maderas/olivo/yp4tkxandwyhcntvyyrx.jpg,olivo,maderas/olivo/yp4tkxandwyhcntvyyrx
6864b4721b510fa0ebf40be3,https://res.cloudinary.com/dccjuu90c/image/upload/v1751430258/maderas/olivo/tfyrqemmttckznuvml6d.jpg,olivo,maderas/olivo/tfyrqemmttckznuvml6d
6864b4731b510fa0ebf40be4,https://res.cloudinary.com/dccjuu90c/image/upload/v1751430258/maderas/olivo/qixtnn4k3tip1yv5x1lr.jpg,olivo,maderas/olivo/qixtnn4k3tip1yv5x1lr
6864b4741b510fa0ebf40be5,https://res.cloudinary.com/dccjuu90c/image/upload/v1751430260/maderas/olivo/tblhik03zozvsfrrmq76.jpg,olivo,maderas/olivo/tblhik03zozvsfrrmq76
6864b4751b510fa0ebf40be6,https://res.cloudinary.com/dccjuu90c/image/upload/v1751430260/maderas/olivo/tvymxaz1mbevesmvbcly.jpg,olivo,maderas/olivo/tvymxaz1mbevesmvbcly
6864b4761b510fa0ebf40be7,https://res.cloudinary.com/dccjuu90c/image/upload/v1751430261/maderas/olivo/wqgiichz0zhlsnqoixxt.jpg,olivo,maderas/olivo/wqgiichz0zhlsnqoixxt
6864b4761b510fa0ebf40be8,https://res.cloudinary.com/dccjuu90c/image/upload/v1751430262/maderas/olivo/y7vx9yuctzdpkazexyvj.jpg,olivo,maderas/olivo/y7vx9yuctzdpkazexyvj
6864b4771b510fa0ebf40be9,https://res.cloudinary.com/dccjuu90c/image/upload/v1751430262/maderas/olivo/nfzrsqvmzsgbagfkmgfl.jpg,olivo,maderas/olivo/nfzrsqvmzsgbagfkmgfl
6864b4771b510fa0ebf40bea,https://res.cloudinary.com/dccjuu90c/image/upload/v1751430263/maderas/olivo/zehcf2ax0roacqzzcrvg.jpg,olivo,maderas/olivo/zehcf2ax0roacqzzcrvg
6864b4781b510fa0ebf40beb,https://res.cloudinary.com/dccjuu90c/image/upload/v1751430264/maderas/olivo/ucrp8pof7qcyzt5sy6wq.jpg,olivo,maderas/olivo/ucrp8pof7qcyzt5sy6wq
6864b4791b510fa0ebf40bec,https://res.cloudinary.com/dccjuu90c/image/upload/v1751430264/maderas/olivo/fazrkzgsi0opuflb3zbw.jpg,olivo,maderas/olivo/fazrkzgsi0opuflb3zbw
6864b47a1b510fa0ebf40bed,https://res.cloudinary.com/dccjuu90c/image/upload/v1751430265/maderas/olivo/dzxoeqgkwq1eisjyoiop.jpg,olivo,maderas/olivo/dzxoeqgkwq1eisjyoiop
6864b47a1b510fa0ebf40bee,https://res.cloudinary.com/dccjuu90c/image/upload/v1751430266/maderas/olivo/g2aginovmklxd3s2samk.jpg,olivo,maderas/olivo/g2aginovmklxd3s2samk
6864b47c1b510fa0ebf40bef,https://res.cloudinary.com/dccjuu90c/image/upload/v1751430267/maderas/olivo/jb8cyem4utl1snc0came.jpg,olivo,maderas/olivo/jb8cyem4utl1snc0came
6864b47e1b510fa0ebf40bf0,https://res.cloudinary.com/dccjuu90c/image/upload/v1751430269/maderas/olivo/cysoadarbkdu1fdpairs.jpg,olivo,maderas/olivo/cysoadarbkdu1fdpairs
6864b47f1b510fa0ebf40bf1,https://res.cloudinary.com/dccjuu90c/image/upload/v1751430270/maderas/olivo/cuvawtkrwohj9lniqbdb.jpg,olivo,maderas/olivo/cuvawtkrwohj9lniqbdb
6864b4801b510fa0ebf40bf2,https://res.cloudinary.com/dccjuu90c/image/upload/v1751430271/maderas/olivo/kfvr09lq5sqyflxhe8nr.jpg,olivo,maderas/olivo/kfvr09lq5sqyflxhe8nr
6864b4811b510fa0ebf40bf3,https://res.cloudinary.com/dccjuu90c/image/upload/v1751430273/maderas/olivo/ulnxcsm5h1hxhjpas830.jpg,olivo,maderas/olivo/ulnxcsm5h1hxhjpas830
6864b4821b510fa0ebf40bf4,https://res.cloudinary.com/dccjuu90c/image/upload/v1751430273/maderas/olivo/lnmr9tv6akc9rypbljsy.jpg,olivo,maderas/olivo/lnmr9tv6akc9rypbljsy
6864b4821b510fa0ebf40bf5,https://res.cloudinary.com/dccjuu90c/image/upload/v1751430274/maderas/olivo/ydgdyq9lkz9fouktdogy.jpg,olivo,maderas/olivo/ydgdyq9lkz9fouktdogy
6864b4831b510fa0ebf40bf6,https://res.cloudinary.com/dccjuu90c/image/upload/v1751430274/maderas/olivo/f9guuju66kwyo0x0ugbm.jpg,olivo,maderas/olivo/f9guuju66kwyo0x0ugbm
6864b4831b510fa0ebf40bf7,https://res.cloudinary.com/dccjuu90c/image/upload/v1751430275/maderas/olivo/csl3t0rbopzcfgarwvvh.jpg,olivo,maderas/olivo/csl3t0rbopzcfgarwvvh
6864b4841b510fa0ebf40bf8,https://res.cloudinary.com/dccjuu90c/image/upload/v1751430276/maderas/olivo/eogbsmkdw0mawmwpcloz.jpg,olivo,maderas/olivo/eogbsmkdw0mawmwpcloz
6864b4851b510fa0ebf40bf9,https://res.cloudinary.com/dccjuu90c/image/upload/v1751430277/maderas/olivo/e6pne5eqkeu6m4auolzk.jpg,olivo,maderas/olivo/e6pne5eqkeu6m4auolzk
6864b48b1b510fa0ebf40bfa,https://res.cloudinary.com/dccjuu90c/image/upload/v1751430282/maderas/olivo/k0f3xqnhn35r7pidurko.png,olivo,maderas/olivo/k0f3xqnhn35r7pidurko
6864b48c1b510fa0ebf40bfb,https://res.cloudinary.com/dccjuu90c/image/upload/v1751430284/maderas/olivo/mbdsw8uzs05onpxyhqwb.jpg,olivo,maderas/olivo/mbdsw8uzs05onpxyhqwb
6864b48d1b510fa0ebf40bfc,https://res.cloudinary.com/dccjuu90c/image/upload/v1751430285/maderas/olivo/qg9kyklnhsellojsqugx.jpg,olivo,maderas/olivo/qg9kyklnhsellojsqugx
6864b48d1b510fa0ebf40bfd,https://res.cloudinary.com/dccjuu90c/image/upload/v1751430285/maderas/olivo/stq74uvosoq0k5akqtwx.jpg,olivo,maderas/olivo/stq74uvosoq0k5akqtwx
6864b48e1b510fa0ebf40bfe,https://res.cloudinary.com/dccjuu90c/image/upload/v1751430286/maderas/olivo/esv8xzep325el9oaz5co.jpg,olivo,maderas/olivo/esv8xzep325el9oaz5co
6864b48f1b510fa0ebf40bff,https://res.cloudinary.com/dccjuu90c/image/upload/v1751430286/maderas/olivo/tqvzx5ucgg7640cdzdo0.png,olivo,maderas/olivo/tqvzx5ucgg7640cdzdo0
68671530937a949a76d40848,https://res.cloudinary.com/dccjuu90c/image/upload/v1751586097/maderas/%C3%A9bano/nqxobazq4hpbrshedual.jpg,ébano,maderas/ébano/nqxobazq4hpbrshedual
68671531937a949a76d40849,https://res.cloudinary.com/dccjuu90c/image/upload/v1751586098/maderas/%C3%A9bano/gtszwxbl6edbyakct1sz.jpg,ébano,maderas/ébano/gtszwxbl6edbyakct1sz
68671531937a949a76d4084a,https://res.cloudinary.com/dccjuu90c/image/upload/v1751586099/maderas/%C3%A9bano/ciyroeiparmluc8jl0b9.jpg,ébano,maderas/ébano/ciyroeiparmluc8jl0b9
68671532937a949a76d4084b,https://res.cloudinary.com/dccjuu90c/image/upload/v1751586099/maderas/%C3%A9bano/t6lmpmogl5dunywrvydq.jpg,ébano,maderas/ébano/t6lmpmogl5dunywrvydq
68671532937a949a76d4084c,https://res.cloudinary.com/dccjuu90c/image/upload/v1751586100/maderas/%C3%A9bano/nlgs89boglaoegtingyq.jpg,ébano,maderas/ébano/nlgs89boglaoegtingyq
68671533937a949a76d4084d,https://res.cloudinary.com/dccjuu90c/image/upload/v1751586101/maderas/%C3%A9bano/fkz5x0cdlqk86yn4hhok.jpg,ébano,maderas/ébano/fkz5x0cdlqk86yn4hhok
68671534937a949a76d4084e,https://res.cloudinary.com/dccjuu90c/image/upload/v1751586102/maderas/%C3%A9bano/xf9vj7fzcttt2u3p9jvq.jpg,ébano,maderas/ébano/xf9vj7fzcttt2u3p9jvq
68671534937a949a76d4084f,https://res.cloudinary.com/dccjuu90c/image/upload/v1751586102/maderas/%C3%A9bano/udurrlblnuntl9pddd9r.jpg,ébano,maderas/ébano/udurrlblnuntl9pddd9r
68671535937a949a76d40850,https://res.cloudinary.com/dccjuu90c/image/upload/v1751586103/maderas/%C3%A9bano/btg3ejlrf1wpfbvyhqql.jpg,ébano,maderas/ébano/btg3ejlrf1wpfbvyhqql
68671536937a949a76d40851,https://res.cloudinary.com/dccjuu90c/image/upload/v1751586103/maderas/%C3%A9bano/ckagvhusrf5ubjlfzkaf.jpg,ébano,maderas/ébano/ckagvhusrf5ubjlfzkaf
68671537937a949a76d40852,https://res.cloudinary.com/dccjuu90c/image/upload/v1751586104/maderas/%C3%A9bano/wmfzcwt8jbouokqwypsg.jpg,ébano,maderas/ébano/wmfzcwt8jbouokqwypsg
68671538937a949a76d40853,https://res.cloudinary.com/dccjuu90c/image/upload/v1751586106/maderas/%C3%A9bano/gsd7jfo3lzpgkqcesgav.jpg,ébano,maderas/ébano/gsd7jfo3lzpgkqcesgav
68671539937a949a76d40854,https://res.cloudinary.com/dccjuu90c/image/upload/v1751586107/maderas/%C3%A9bano/btl3epx9g2zemibdr77s.jpg,ébano,maderas/ébano/btl3epx9g2zemibdr77s
6867153b937a949a76d40855,https://res.cloudinary.com/dccjuu90c/image/upload/v1751586108/maderas/%C3%A9bano/cpfvz2dij23naohi2t10.jpg,ébano,maderas/ébano/cpfvz2dij23naohi2t10
6867153b937a949a76d40856,https://res.cloudinary.com/dccjuu90c/image/upload/v1751586109/maderas/%C3%A9bano/z6nupit9dka0or2lrr2v.jpg,ébano,maderas/ébano/z6nupit9dka0or2lrr2v
6867153c937a949a76d40857,https://res.cloudinary.com/dccjuu90c/image/upload/v1751586110/maderas/%C3%A9bano/amrmrzelkd94hob93xvl.jpg,ébano,maderas/ébano/amrmrzelkd94hob93xvl
6867153d937a949a76d40858,https://res.cloudinary.com/dccjuu90c/image/upload/v1751586110/maderas/%C3%A9bano/ba64wf2o1m9fzxsn14tc.jpg,ébano,maderas/ébano/ba64wf2o1m9fzxsn14tc
6867153e937a949a76d40859,https://res.cloudinary.com/dccjuu90c/image/upload/v1751586111/maderas/%C3%A9bano/uyit2nhyaojxkelrxqol.jpg,ébano,maderas/ébano/uyit2nhyaojxkelrxqol
6867153e937a949a76d4085a,https://res.cloudinary.com/dccjuu90c/image/upload/v1751586112/maderas/%C3%A9bano/q8qxoj9ht7pvtcdfnjiz.jpg,ébano,maderas/ébano/q8qxoj9ht7pvtcdfnjiz
6867153f937a949a76d4085b,https://res.cloudinary.com/dccjuu90c/image/upload/v1751586113/maderas/%C3%A9bano/pf7dt6lqxqjd3zmhuigb.jpg,ébano,maderas/ébano/pf7dt6lqxqjd3zmhuigb
6867153f937a949a76d4085c,https://res.cloudinary.com/dccjuu90c/image/upload/v1751586113/maderas/%C3%A9bano/ad0sspgyqllihltxqqjv.jpg,ébano,maderas/ébano/ad0sspgyqllihltxqqjv
68671540937a949a76d4085d,https://res.cloudinary.com/dccjuu90c/image/upload/v1751586114/maderas/%C3%A9bano/uwi736s2gvrv3byahm8x.webp,ébano,maderas/ébano/uwi736s2gvrv3byahm8x
68671541937a949a76d4085e,https://res.cloudinary.com/dccjuu90c/image/upload/v1751586114/maderas/%C3%A9bano/jnrtue5jtuqzs58er63u.jpg,ébano,maderas/ébano/jnrtue5jtuqzs58er63u
68671542937a949a76d4085f,https://res.cloudinary.com/dccjuu90c/image/upload/v1751586115/maderas/%C3%A9bano/ep1h02jfhdvyqppa05ue.jpg,ébano,maderas/ébano/ep1h02jfhdvyqppa05ue
68671543937a949a76d40860,https://res.cloudinary.com/dccjuu90c/image/upload/v1751586116/maderas/%C3%A9bano/vmmckntpm2dsje3ik6qw.jpg,ébano,maderas/ébano/vmmckntpm2dsje3ik6qw
68671543937a949a76d40861,https://res.cloudinary.com/dccjuu90c/image/upload/v1751586117/maderas/%C3%A9bano/jd09czo7xrmznusjrwu1.jpg,ébano,maderas/ébano/jd09czo7xrmznusjrwu1
68671544937a949a76d40862,https://res.cloudinary.com/dccjuu90c/image/upload/v1751586118/maderas/%C3%A9bano/grevp3fpz09vpiaotlbg.jpg,ébano,maderas/ébano/grevp3fpz09vpiaotlbg
68671545937a949a76d40863,https://res.cloudinary.com/dccjuu90c/image/upload/v1751586119/maderas/%C3%A9bano/r90fbspxs676rbyn8hov.jpg,ébano,maderas/ébano/r90fbspxs676rbyn8hov
68671546937a949a76d40864,https://res.cloudinary.com/dccjuu90c/image/upload/v1751586119/maderas/%C3%A9bano/bjpfukpoa76bdjllph2u.jpg,ébano,maderas/ébano/bjpfukpoa76bdjllph2u
68671546937a949a76d40865,https://res.cloudinary.com/dccjuu90c/image/upload/v1751586120/maderas/%C3%A9bano/xktw5ykzjzz92dzt1zvf.jpg,ébano,maderas/ébano/xktw5ykzjzz92dzt1zvf
68671547937a949a76d40866,https://res.cloudinary.com/dccjuu90c/image/upload/v1751586121/maderas/%C3%A9bano/kjnmxmpjnatwiv9uvlro.jpg,ébano,maderas/ébano/kjnmxmpjnatwiv9uvlro
68671548937a949a76d40867,https://res.cloudinary.com/dccjuu90c/image/upload/v1751586122/maderas/%C3%A9bano/tqaegpwmyqawqcn5ou5e.jpg,ébano,maderas/ébano/tqaegpwmyqawqcn5ou5e
68671549937a949a76d40868,https://res.cloudinary.com/dccjuu90c/image/upload/v1751586122/maderas/%C3%A9bano/dvaixeb0sepvzynbraag.jpg,ébano,maderas/ébano/dvaixeb0sepvzynbraag
6867154a937a949a76d40869,https://res.cloudinary.com/dccjuu90c/image/upload/v1751586123/maderas/%C3%A9bano/dxqj8h2tpzhavwdywf9b.jpg,ébano,maderas/ébano/dxqj8h2tpzhavwdywf9b
6867154a937a949a76d4086a,https://res.cloudinary.com/dccjuu90c/image/upload/v1751586124/maderas/%C3%A9bano/us91hwj1pqhufhebo2mj.jpg,ébano,maderas/ébano/us91hwj1pqhufhebo2mj
6867154b937a949a76d4086b,https://res.cloudinary.com/dccjuu90c/image/upload/v1751586125/maderas/%C3%A9bano/qy5bzbzu3izt3xhfrsqy.jpg,ébano,maderas/ébano/qy5bzbzu3izt3xhfrsqy
6867154c937a949a76d4086c,https://res.cloudinary.com/dccjuu90c/image/upload/v1751586126/maderas/%C3%A9bano/xjo8sii4hs6ugwxgjk8t.webp,ébano,maderas/ébano/xjo8sii4hs6ugwxgjk8t
6867154c937a949a76d4086d,https://res.cloudinary.com/dccjuu90c/image/upload/v1751586126/maderas/%C3%A9bano/v99jfwa7yhrvwrglovol.jpg,ébano,maderas/ébano/v99jfwa7yhrvwrglovol
6867154d937a949a76d4086e,https://res.cloudinary.com/dccjuu90c/image/upload/v1751586127/maderas/%C3%A9bano/p3rzuqgxyqzd91ngqcgl.jpg,ébano,maderas/ébano/p3rzuqgxyqzd91ngqcgl
6867154e937a949a76d4086f,https://res.cloudinary.com/dccjuu90c/image/upload/v1751586127/maderas/%C3%A9bano/nbkoihjol2jl25qjw0si.jpg,ébano,maderas/ébano/nbkoihjol2jl25qjw0si
6867154f937a949a76d40870,https://res.cloudinary.com/dccjuu90c/image/upload/v1751586128/maderas/%C3%A9bano/akrgshsuhxif82yyu2fu.jpg,ébano,maderas/ébano/akrgshsuhxif82yyu2fu
6867154f937a949a76d40871,https://res.cloudinary.com/dccjuu90c/image/upload/v1751586129/maderas/%C3%A9bano/jown6sqdkb9wnlsrm95g.jpg,ébano,maderas/ébano/jown6sqdkb9wnlsrm95g
68671550937a949a76d40872,https://res.cloudinary.com/dccjuu90c/image/upload/v1751586130/maderas/%C3%A9bano/hkb9kursilf83dny9bar.jpg,ébano,maderas/ébano/hkb9kursilf83dny9bar
68671551937a949a76d40873,https://res.cloudinary.com/dccjuu90c/image/upload/v1751586131/maderas/%C3%A9bano/xquhefktmgqvvmwsqmcb.jpg,ébano,maderas/ébano/xquhefktmgqvvmwsqmcb
68671552937a949a76d40874,https://res.cloudinary.com/dccjuu90c/image/upload/v1751586131/maderas/%C3%A9bano/sb6op4l0vdystca7vp2j.jpg,ébano,maderas/ébano/sb6op4l0vdystca7vp2j
68671552937a949a76d40875,https://res.cloudinary.com/dccjuu90c/image/upload/v1751586132/maderas/%C3%A9bano/hcgwjuzpvhcxik5jestq.webp,ébano,maderas/ébano/hcgwjuzpvhcxik5jestq
68671553937a949a76d40876,https://res.cloudinary.com/dccjuu90c/image/upload/v1751586132/maderas/%C3%A9bano/xhstzl48ghcyzpqiflts.jpg,ébano,maderas/ébano/xhstzl48ghcyzpqiflts
68671553937a949a76d40877,https://res.cloudinary.com/dccjuu90c/image/upload/v1751586133/maderas/%C3%A9bano/hyeavwyfejyfgy4nqy9f.jpg,ébano,maderas/ébano/hyeavwyfejyfgy4nqy9f
68671554937a949a76d40878,https://res.cloudinary.com/dccjuu90c/image/upload/v1751586134/maderas/%C3%A9bano/xozbshakgjy2yxkvrb23.jpg,ébano,maderas/ébano/xozbshakgjy2yxkvrb23
68671554937a949a76d40879,https://res.cloudinary.com/dccjuu90c/image/upload/v1751586134/maderas/%C3%A9bano/ucq0vhoohv9obcr9jezz.jpg,ébano,maderas/ébano/ucq0vhoohv9obcr9jezz
